<?xml version="1.0" encoding="UTF-8"?>
<!DOCTYPE hibernate-mapping PUBLIC
        "-//Hibernate/Hibernate Mapping DTD 3.0//EN"
        "http://hibernate.sourceforge.net/hibernate-mapping-3.0.dtd">

<hibernate-mapping package="net.viralpatel.hibernate">

	<class name="Employee" table="EMPLOYEE">
		<id name="employeeId" column="EMPLOYEE_ID">
			<generator class="native" />
		</id>

		<property name="firstname" />


  		<many-to-one name="department" class="net.viralpatel.hibernate.Department" fetch="select">
            <column name="department_id" not-null="true" />
        </many-to-one>

	</class>
</hibernate-mapping>