<?xml version="1.0" encoding="UTF-8"?>
<!DOCTYPE hibernate-mapping PUBLIC
"-//Hibernate/Hibernate Mapping DTD 3.0//EN"
"http://hibernate.sourceforge.net/hibernate-mapping-3.0.dtd">

<hibernate-mapping package="roseindia">

<class name="Worker" table="worker">
<id name="workerId" column="worker_id">
<generator class="native" />
</id>
<property name="firstname" column="firstname" />
<property name="cellphone" column="cell_phone" />

</class>

<query name="findViaWorkerIdHQL">from Worker w where w.workerId = :workerId</query>
</hibernate-mapping>