<?xml version="1.0" encoding="UTF-8"?>
<!DOCTYPE hibernate-mapping PUBLIC
        "-//Hibernate/Hibernate Mapping DTD 3.0//EN"
        "http://hibernate.sourceforge.net/hibernate-mapping-3.0.dtd">

<hibernate-mapping package="net.viralpatel.hibernate">

	<class name="Meeting" table="MEETING">

		<id name="meetingId" type="java.lang.Long"
			column="MEETING_ID">
			<generator class="native" />
		</id>

		<property name="subject" column="SUBJECT" />
		<property name="meetingDate" type="date" column="MEETING_DATE" />

		<set name="employees" table="EMPLOYEE_MEETING"
			inverse="true" lazy="true" fetch="select">
			<key column="EMPLOYEE_ID" />
			<many-to-many column="MEETING_ID" class="Meeting" />
		</set>

	</class>
</hibernate-mapping>